fecha,insumo,cantidad,costo_unitario,vencimiento
2025-01-06,leche,545.66,1179.02,2025-01-16
2025-01-25,leche,545.66,1214.85,2025-02-04
2025-02-12,leche,545.66,1232.56,2025-02-22
2025-03-05,leche,545.66,1281.46,2025-03-15
2025-03-31,leche,545.66,1230.83,2025-04-10
2025-05-08,leche,545.66,1343.48,2025-05-18
2025-07-10,leche,545.66,1384.02,2025-07-20
2025-09-07,leche,545.66,1505.01,2025-09-17
2025-10-13,leche,545.66,1521.74,2025-10-23
2025-11-10,leche,545.66,1541.98,2025-11-20
2025-12-01,leche,545.66,1614.81,2025-12-11
2025-12-19,leche,545.66,1570.46,2025-12-29
2025-01-07,crema,310.05,4626.8,2025-01-22
2025-01-30,crema,310.05,4574.72,2025-02-14
2025-02-24,crema,310.05,4507.44,2025-03-11
2025-03-26,crema,310.05,4861.36,2025-04-10
2025-05-09,crema,310.05,4857.98,2025-05-24
2025-07-28,crema,310.05,5264.35,2025-08-12
2025-09-29,crema,310.05,5485.97,2025-10-14
2025-11-04,crema,310.05,5612.85,2025-11-19
2025-12-02,crema,310.05,5913.42,2025-12-17
2025-12-23,crema,310.05,5847.52,2026-01-07
2025-01-08,azúcar,327.98,1338.34,2026-01-08
2025-02-05,azúcar,327.98,1354.75,2026-02-05
2025-03-08,azúcar,327.98,1393.34,2026-03-08
2025-04-23,azúcar,327.98,1407.59,2026-04-23
2025-07-29,azúcar,327.98,1524.85,2026-07-29
2025-10-14,azúcar,327.98,1657.11,2026-10-14
2025-11-24,azúcar,327.98,1670.56,2026-11-24
2025-12-24,azúcar,327.98,1691.67,2026-12-24
2025-01-11,vainilla,2.52,29127.2,2026-01-11
2025-03-02,vainilla,2.52,30940.59,2026-03-02
2025-06-06,vainilla,2.52,33388.71,2026-06-06
2025-11-01,vainilla,2.52,38554.4,2026-11-01
2025-12-31,vainilla,2.52,39066.65,2026-12-31
2025-01-19,esencia de menta,1.24,39830.3,2026-01-19
2025-08-03,esencia de menta,1.24,46303.02,2026-08-03
2025-01-09,cacao,30.7,15149.13,2025-10-06
2025-02-17,cacao,30.7,15319.13,2025-11-14
2025-04-02,cacao,30.7,16171.81,2025-12-28
2025-07-08,cacao,30.7,17062.16,2026-04-04
2025-10-21,cacao,30.7,18852.79,2026-07-18
2025-12-08,cacao,30.7,19267.75,2026-09-04
2025-01-09,chispitas de chocolate,54.98,17616.26,2025-07-08
2025-02-18,chispitas de chocolate,54.98,18562.21,2025-08-17
2025-04-11,chispitas de chocolate,54.98,19001.47,2025-10-08
2025-08-13,chispitas de chocolate,54.98,21191.63,2026-02-09
2025-11-09,chispitas de chocolate,54.98,22625.26,2026-05-08
2025-12-27,chispitas de chocolate,54.98,23768.55,2026-06-25
2025-01-09,dulce de leche,141.03,5466.14,2025-03-10
2025-02-10,dulce de leche,141.03,5707.08,2025-04-11
2025-03-18,dulce de leche,141.03,5715.08,2025-05-17
2025-05-08,dulce de leche,141.03,6139.33,2025-07-07
2025-08-11,dulce de leche,141.03,6719.94,2025-10-10
2025-10-07,dulce de leche,141.03,6810.28,2025-12-06
2025-11-13,dulce de leche,141.03,7174.99,2026-01-12
2025-12-09,dulce de leche,141.03,7082.51,2026-02-07
2025-12-29,dulce de leche,141.03,7425.13,2026-02-27
2025-01-06,frutilla,65.19,6133.89,2025-01-13
2025-01-27,frutilla,65.19,5995.23,2025-02-03
2025-02-23,frutilla,65.19,6282.89,2025-03-02
2025-03-27,frutilla,65.19,6478.57,2025-04-03
2025-05-13,frutilla,65.19,6602.98,2025-05-20
2025-09-12,frutilla,65.19,7358.92,2025-09-19
2025-10-29,frutilla,65.19,7338.33,2025-11-05
2025-12-02,frutilla,65.19,7929.88,2025-12-09
2025-12-28,frutilla,65.19,7877.89,2026-01-04
2025-01-13,banana,54.6,1956.74,2025-01-20
2025-03-10,banana,54.6,2044.47,2025-03-17
2025-06-23,banana,54.6,2249.36,2025-06-30
2025-10-06,banana,54.6,2447.11,2025-10-13
2025-11-22,banana,54.6,2520.7,2025-11-29
2025-12-25,banana,54.6,2578.76,2026-01-01
2025-01-08,durazno,21.44,3598.61,2025-01-15
2025-02-06,durazno,21.44,3669.34,2025-02-13
2025-03-08,durazno,21.44,3628.26,2025-03-15
2025-04-15,durazno,21.44,3801.96,2025-04-22
2025-01-07,limón,35.18,2570.96,2025-01-22
2025-02-03,limón,35.18,2598.76,2025-02-18
2025-03-03,limón,35.18,2667.46,2025-03-18
2025-04-07,limón,35.18,2704.72,2025-04-22
2025-06-10,limón,35.18,2840.98,2025-06-25
2025-09-05,limón,35.18,2974.12,2025-09-20
2025-10-24,limón,35.18,3147.36,2025-11-08
2025-11-29,limón,35.18,3221.32,2025-12-14
2025-12-23,limón,35.18,3310.27,2026-01-07
2025-01-19,maracuyá,70.19,9206.6,2025-01-29
2025-03-19,maracuyá,70.19,9538.22,2025-03-29
2025-01-09,galletitas,36.32,6037.09,2025-05-09
2025-02-12,galletitas,36.32,6087.65,2025-06-12
2025-03-29,galletitas,36.32,6253.46,2025-07-27
2025-06-04,galletitas,36.32,6932.83,2025-10-02
2025-09-21,galletitas,36.32,7124.18,2026-01-19
2025-11-07,galletitas,36.32,7769.01,2026-03-07
2025-12-12,galletitas,36.32,7770.08,2026-04-11
2025-06-18,pistacho,8.4,49438.0,2025-12-15
2025-08-29,pistacho,8.4,52089.29,2026-02-25
2025-01-08,cono,492.0,123.37,2026-01-08
2025-02-07,cono,492.0,124.66,2026-02-07
2025-03-11,cono,492.0,123.93,2026-03-11
2025-04-26,cono,492.0,130.26,2026-04-26
2025-07-22,cono,492.0,136.68,2026-07-22
2025-10-08,cono,492.0,145.96,2026-10-08
2025-11-19,cono,492.0,149.5,2026-11-19
2025-12-19,cono,492.0,154.8,2026-12-19
2025-01-09,vasito,372.0,87.38,2026-01-09
2025-02-17,vasito,372.0,93.5,2026-02-17
2025-03-31,vasito,372.0,97.11,2026-03-31
2025-06-28,vasito,372.0,99.65,2026-06-28
2025-10-11,vasito,372.0,111.22,2026-10-11
2025-11-26,vasito,372.0,114.05,2026-11-26
2025-12-31,vasito,372.0,120.04,2026-12-31
2025-01-08,palito,456.0,19.82,2026-01-08
2025-02-07,palito,456.0,20.42,2026-02-07
2025-03-10,palito,456.0,21.57,2026-03-10
2025-04-25,palito,456.0,22.17,2026-04-25
2025-08-08,palito,456.0,23.07,2026-08-08
2025-10-17,palito,456.0,24.29,2026-10-17
2025-11-25,palito,456.0,26.36,2026-11-25
2025-12-26,palito,456.0,26.87,2026-12-26
2025-01-08,pote 1/4,348.0,252.19,2026-01-08
2025-02-11,pote 1/4,348.0,262.64,2026-02-11
2025-03-19,pote 1/4,348.0,256.07,2026-03-19
2025-05-11,pote 1/4,348.0,274.94,2026-05-11
2025-09-03,pote 1/4,348.0,313.01,2026-09-03
2025-11-04,pote 1/4,348.0,317.18,2026-11-04
2025-12-10,pote 1/4,348.0,326.13,2026-12-10
2025-01-09,pote 1/2,360.0,344.64,2026-01-09
2025-02-08,pote 1/2,360.0,354.16,2026-02-08
2025-03-15,pote 1/2,360.0,368.12,2026-03-15
2025-05-11,pote 1/2,360.0,380.76,2026-05-11
2025-09-03,pote 1/2,360.0,432.05,2026-09-03
2025-11-03,pote 1/2,360.0,455.31,2026-11-03
2025-12-10,pote 1/2,360.0,454.74,2026-12-10
2025-01-08,pote 1 kg,1248.0,498.73,2026-01-08
2025-02-09,pote 1 kg,1248.0,518.93,2026-02-09
2025-03-17,pote 1 kg,1248.0,514.65,2026-03-17
2025-05-14,pote 1 kg,1248.0,539.69,2026-05-14
2025-09-03,pote 1 kg,1248.0,615.89,2026-09-03
2025-11-01,pote 1 kg,1248.0,644.6,2026-11-01
2025-12-09,pote 1 kg,1248.0,668.56,2026-12-09
2025-01-08,bandeja,360.0,592.04,2026-01-08
2025-02-10,bandeja,360.0,620.46,2026-02-10
2025-03-18,bandeja,360.0,617.84,2026-03-18
2025-05-14,bandeja,360.0,659.03,2026-05-14
2025-09-09,bandeja,360.0,742.48,2026-09-09
2025-11-05,bandeja,360.0,784.15,2026-11-05
2025-12-14,bandeja,360.0,791.91,2026-12-14
2025-01-06,leche,0.0,1179.02,2025-01-16
