sabor,categoria,edicion_limitada,fecha_alta,fecha_baja
Vainilla,cremas,no,2023-09-01,
Crema americana,cremas,no,2023-09-01,
Menta granizada,cremas,no,2024-09-01,
Chocolate,chocolates,no,2023-09-01,
Chocolate amargo,chocolates,no,2023-09-01,
Granizado,chocolates,no,2023-09-01,
Dulce de leche,dulce de leche,no,2023-09-01,
Dulce de leche granizado,dulce de leche,no,2023-09-01,
Frutilla a la crema,frutales a la crema,no,2023-09-01,
Banana split,frutales a la crema,no,2023-09-01,
Durazno a la crema,frutales a la crema,no,2023-09-01,2025-05-31
Limón,frutales al agua,no,2023-09-01,
Frutilla al agua,frutales al agua,no,2023-09-01,
Maracuyá,frutales al agua,si,2025-01-10,2025-03-31
Cookies,especiales,no,2024-03-01,
Tramontana,especiales,no,2023-09-01,
Pistacho,especiales,si,2025-06-01,2025-08-31
